pushName: 'vendedor11softys',,body: '1',
pushName: 'vendedor11softys',,body: '',
pushName: 'vendedor11softys',,body: '70695',
pushName: 'vendedor11softys',,body: '',
pushName: 'vendedor11softys',,body: '1',
pushName: 'vendedor11softys',,body: '',
pushName: 'vendedor11softys',,body: '70695',
pushName: 'vendedor11softys',,body: '',
pushName: 'Facu',,body: '56485',
pushName: 'Facu',,body: '1',
pushName: 'Facu',,body: '56485',
pushName: 'Facu',,body: '1',
pushName: 'Facu',,body: '51575',
pushName: 'Facu',,body: '1',
pushName: 'Facu',,body: '50876',
pushName: 'Facu',,body: '1',
pushName: 'Carlos Vadfood V24',,body: '1',
pushName: 'Carlos Vadfood V24',,body: '14725',
pushName: 'Vendedor 11',,body: '1',
pushName: 'Vendedor 11',,body: '1',
pushName: 'Vendedor 11',,body: '58521',
pushName: 'Carlos Vadfood V24',,body: '1',
pushName: 'Carlos Vadfood V24',,body: '14725',
pushName: 'Vendedor 11',,body: '1',
pushName: 'Carlos Vadfood V24',,body: '1',
pushName: 'Vendedor 11',,body: '58570',
pushName: 'Pablo Corzo',,body: '1',
pushName: 'Carlos Vadfood V24',,body: '7391',
pushName: 'Pablo Corzo',,body: '1',
pushName: 'Pablo Corzo',,body: '53792',
pushName: 'Martin Vendedor 14',,body: '1',
pushName: 'Martin Vendedor 14',,body: '7925',
pushName: 'Martin Vendedor 14',,body: '1',
pushName: 'Martin Vendedor 14',,body: '7925',
pushName: 'Martin Vendedor 14',,body: '1',
pushName: 'Matias',,body: '1',
pushName: 'Aldanaâœ¨',,body: '1',
pushName: 'Martin Vendedor 14',,body: '14807',
pushName: 'Aldanaâœ¨',,body: '1',
pushName: 'Matias',,body: '1',
pushName: 'Aldanaâœ¨',,body: '58640',
pushName: 'Matias',,body: '12516',
pushName: 'Vendedor Softys',,body: '1',
pushName: 'Matias',,body: '1',
pushName: 'Vendedor Softys',,body: '1',
pushName: 'Matias',,body: '7206',
pushName: 'Vendedor Softys',,body: '78764',
pushName: 'Aldanaâœ¨',,body: '1',
pushName: 'Aldanaâœ¨',,body: '59894',
pushName: 'R.',,body: '8062',
pushName: 'R.',,body: '1',
pushName: 'R.',,body: '8062',
pushName: 'Ezequiel',,body: '13',
pushName: 'Ezequiel',,body: '1',
pushName: 'Vendedor 19',,body: '1',
pushName: 'Ezequiel',,body: '13',
pushName: 'Vendedor 19',,body: '13922',
pushName: 'Vendedor 19',,body: '1',
pushName: 'Vendedor 19',,body: '13922',
pushName: 'Santiago Peralta',,body: 'Hola',
pushName: 'Ezequiel',,body: '1',
pushName: 'Santiago Peralta',,body: '1',
pushName: 'Vendedor 19',,body: '1',
pushName: 'Ezequiel',,body: '4806',
pushName: 'Vendedor 19',,body: '13925',
pushName: 'Carlos Vadfood V24',,body: '1',
pushName: 'Carlos Vadfood V24',,body: '8866',
pushName: 'Hugo',,body: '1',
pushName: 'Hugo',,body: '2972',
pushName: 'Ezequiel',,body: '1',
pushName: 'Ezequiel',,body: '13565',
pushName: 'Ezequiel',,body: '1',
pushName: 'Ezequiel',,body: '10159',
pushName: 'Vendedor Softys',,body: '1',
pushName: 'Vendedor Softys',,body: '72369',
pushName: 'Vendedor 19',,body: '1',
pushName: 'Ezequiel',,body: '1',
pushName: 'Hugo',,body: '1',
pushName: 'Ezequiel',,body: '10965',
pushName: 'Vendedor 19',,body: '7127',
pushName: 'Hugo',,body: '1118',
pushName: 'Hugo',,body: '1',
pushName: 'Hugo',,body: '1120',
pushName: 'vendedor11softys',,body: '1',
pushName: 'vendedor11softys',,body: '77422',
pushName: 'vendedor11softys',,body: '',
pushName: 'Santiago Peralta',,body: '13',
pushName: 'Nico Gagliardino',,body: '1',
pushName: 'Nico Gagliardino',,body: '1',
pushName: 'Julieta Softys',,body: '1',
pushName: 'Nico Gagliardino',,body: '4423',
pushName: 'Nico Gagliardino',,body: '1',
pushName: 'Nico Gagliardino',,body: '4915',
pushName: 'Julieta Softys',,body: '79884',
pushName: 'Julieta Softys',,body: '1',
pushName: 'Nico Gagliardino',,body: '1',
pushName: 'Nico Gagliardino',,body: '5171',
pushName: 'Julieta Softys',,body: '79884',
pushName: 'Nico Gagliardino',,body: '1',
pushName: 'Julieta Softys',,body: '79885',
pushName: 'Nico Gagliardino',,body: '1',
pushName: 'Nico Gagliardino',,body: '5220',
pushName: 'Wellinyer Vendedor 17',,body: '1',
pushName: 'Nico Gagliardino',,body: '1',
pushName: 'Nico Gagliardino',,body: '7893',
pushName: 'Nico Gagliardino',,body: '1',
pushName: 'Nico Gagliardino',,body: '12012',
pushName: 'Nico Gagliardino',,body: '1',
pushName: 'Fedeposse VaFood',,body: '1',
pushName: 'Fedeposse VaFood',,body: '1',
pushName: 'Nico Gagliardino',,body: '12023',
pushName: 'Fedeposse VaFood',,body: '50960',
pushName: 'Nico Gagliardino',,body: '1',
pushName: 'R.',,body: '1',
pushName: 'R.',,body: '9429',
pushName: 'Nico Gagliardino',,body: '12034',
pushName: 'Nico Gagliardino',,body: '1',
pushName: 'Carlos Vadfood V24',,body: '1',
pushName: 'Carlos Vadfood V24',,body: '12025',
pushName: 'Nico Gagliardino',,body: '12166',
pushName: 'Nico Gagliardino',,body: '1',
pushName: 'Nico Gagliardino',,body: '12169',
pushName: 'Nico Gagliardino',,body: '1',
pushName: 'vend5rocanegraeste',,body: '59288',
pushName: 'Nico Gagliardino',,body: '14649',
pushName: 'vend5rocanegraeste',,body: '1',
pushName: 'Nico Gagliardino',,body: '1',
pushName: 'vend5rocanegraeste',,body: '59288',
pushName: 'vend5rocanegraeste',,body: '1',
pushName: 'Nico Gagliardino',,body: '8998',
pushName: 'Nico Gagliardino',,body: '1',
pushName: 'Nico Gagliardino',,body: '8838',
pushName: 'Sebastian vendedor Vafood',,body: '1',
pushName: 'Sebastian vendedor Vafood',,body: '52728',
pushName: 'Nico Gagliardino',,body: '1',
pushName: 'Sebastian vendedor Vafood',,body: '1',
pushName: 'Nico Gagliardino',,body: '10080',
pushName: 'Sebastian vendedor Vafood',,body: '52728',
pushName: 'Fernando Vafood Srl',,body: '1',
pushName: 'Fernando Vafood Srl',,body: '1',
pushName: 'Nico Gagliardino',,body: '1',
pushName: 'Nico Gagliardino',,body: '10163',
pushName: 'Nico Gagliardino',,body: '1',
pushName: 'Nico Gagliardino',,body: '10713',
pushName: 'Nico Gagliardino',,body: '1',
pushName: 'Nico Gagliardino',,body: '10883',
pushName: 'Nico Gagliardino',,body: '1',
pushName: 'Nico Gagliardino',,body: '10909',
pushName: 'Nico Gagliardino',,body: '1',
pushName: 'R.',,body: '1',
pushName: 'Nico Gagliardino',,body: '11214',
pushName: 'Nico Gagliardino',,body: '1',
pushName: 'R.',,body: '11690',
pushName: 'Nico Gagliardino',,body: '11398',
pushName: 'Nico Gagliardino',,body: '1',
pushName: 'Nico Gagliardino',,body: '11581',
pushName: 'Wellinyer Vendedor 17',,body: '1',
pushName: 'Nico Gagliardino',,body: '1',
pushName: 'Nico Gagliardino',,body: '14482',
pushName: 'Nico Gagliardino',,body: '1',
pushName: 'Wellinyer Vendedor 17',,body: '2483',
pushName: 'Nico Gagliardino',,body: '14709',
pushName: 'Wellinyer Vendedor 17',,body: '1',
pushName: 'Nico Gagliardino',,body: '14611',
pushName: 'Nico Gagliardino',,body: '1',
pushName: 'Nico Gagliardino',,body: '14611',
pushName: 'Wellinyer Vendedor 17',,body: '11699',
pushName: 'Nico Gagliardino',,body: '1',
pushName: 'Nico Gagliardino',,body: '4594',
pushName: 'VA Food V9',,body: '1',
pushName: 'VA Food V9',,body: '1',
pushName: 'VA Food V9',,body: '4181',
pushName: 'Nico Gagliardino',,body: '4595',
pushName: 'Nico Gagliardino',,body: '1',
pushName: 'VA Food V9',,body: '1',
pushName: 'Nico Gagliardino',,body: '1',
pushName: 'VA Food V9',,body: '5037',
pushName: 'Wellinyer Vendedor 17',,body: '1',
pushName: 'Carlos Vadfood V24',,body: '1',
pushName: 'Wellinyer Vendedor 17',,body: '11698',
pushName: 'VA Food V9',,body: '1',
pushName: 'Nico Gagliardino',,body: '1433',
pushName: 'VA Food V9',,body: '11780',
pushName: 'Carlos Vadfood V24',,body: '10088',
pushName: 'Nico Gagliardino',,body: '1',
pushName: 'VA Food V9',,body: '1',
pushName: 'Nico Gagliardino',,body: '4243',
pushName: 'VA Food V9',,body: '12740',
pushName: 'Nico Gagliardino',,body: '1',
pushName: 'Nico Gagliardino',,body: '1391',
pushName: 'VA Food V9',,body: '1',
pushName: 'Nico Gagliardino',,body: '1',
pushName: 'VA Food V9',,body: '13999',
pushName: 'Nico Gagliardino',,body: '1053',
pushName: 'VA Food V9',,body: '1',
pushName: 'VA Food V9',,body: '13118',
pushName: 'Barby - Paty',,body: '1',
pushName: 'Barby - Paty',,body: '7502',
pushName: 'MAURICIO Vend 10 Molinos Softis',,body: '1',
pushName: 'VA Food V9',,body: '1',
pushName: 'Barby - Paty',,body: '1',
pushName: 'VA Food V9',,body: '1313',
pushName: 'Barby - Paty',,body: '7502',
pushName: 'Martin Vendedor 14',,body: '13986',
pushName: 'MAURICIO Vend 10 Molinos Softis',,body: '78759',
pushName: 'LucasðŸŽ­',,body: '1',
pushName: 'Martin Vendedor 14',,body: '1',
pushName: 'VA Food V9',,body: '1',
pushName: 'MAURICIO Vend 10 Molinos Softis',,body: '1',
pushName: 'VA Food V9',,body: '8700',
pushName: 'LucasðŸŽ­',,body: '1',
pushName: 'VA Food V9',,body: '1',
pushName: 'MAURICIO Vend 10 Molinos Softis',,body: '78759',
pushName: 'VA Food V9',,body: '8888',
pushName: 'LucasðŸŽ­',,body: '72276',
pushName: 'VA Food V9',,body: '1',
pushName: 'VA Food V9',,body: '11101',
pushName: 'Wellinyer Vendedor 17',,body: '1',
pushName: 'Vendedor Softys',,body: '1',
pushName: 'Wellinyer Vendedor 17',,body: '13823',
pushName: 'Vendedor Softys',,body: '76477',
pushName: 'Martin Vendedor 14',,body: '13946',
pushName: 'Martin Vendedor 14',,body: '1',
pushName: 'Fernando Vafood Srl',,body: '1',
pushName: 'Fernando Vafood Srl',,body: '8420',
pushName: 'Vendedor Softys',,body: '1',
pushName: 'Vendedor Softys',,body: '72431',
pushName: 'Vendedor Softys',,body: '1',
pushName: 'Vendedor Softys',,body: '72426',
pushName: 'Fernando Vafood Srl',,body: '1',
pushName: 'Fernando Vafood Srl',,body: '5779',
pushName: 'Bruno Molinos',,body: '1',
pushName: 'Vendedor Softys',,body: '1',
pushName: 'vend5rocanegraeste',,body: '50972',
pushName: 'vend5rocanegraeste',,body: '1',
pushName: 'Vendedor Softys',,body: '72436',
pushName: 'Vendedor Softys',,body: '1',
pushName: 'Vendedor Softys',,body: '72468',
pushName: 'Aldanaâœ¨',,body: '1',
pushName: 'Aldanaâœ¨',,body: '58707',
pushName: 'LucasðŸŽ­',,body: '1',
pushName: 'Martin Vendedor 14',,body: '1',
pushName: 'Martin Vendedor 14',,body: '948q',
pushName: 'Martin Vendedor 14',,body: '9481',
pushName: 'ven 03 Eugenia',,body: '1',
pushName: 'ven 03 Eugenia',,body: '8471',
pushName: 'ven 03 Eugenia',,body: '1',
pushName: 'Julieta Softys',,body: '1',
pushName: 'ven 03 Eugenia',,body: '8471',
pushName: 'Julieta Softys',,body: '71243',
pushName: 'Martin Vendedor 14',,body: '1',
pushName: 'Martin Vendedor 14',,body: '819',
pushName: 'Carlos Vadfood V24',,body: '1',
pushName: 'Carlos Vadfood V24',,body: '13028',
pushName: 'Sebastian vendedor Vafood',,body: '1',
pushName: 'Sebastian vendedor Vafood',,body: '58020',
pushName: 'LucasðŸŽ­',,body: '78521',
pushName: 'Pablo Vafood',,body: '1',
pushName: 'Pablo Vafood',,body: '',
pushName: 'Pablo Vafood',,body: '6373',
pushName: 'Pablo Vafood',,body: '',
pushName: 'Pablo Vafood',,body: '1',
pushName: 'Pablo Vafood',,body: '',
pushName: 'Pablo Vafood',,body: '6373',
pushName: 'Pablo Vafood',,body: '',
pushName: 'vendedor11softys',,body: '1',
pushName: 'vendedor11softys',,body: '',
pushName: 'Aldanaâœ¨',,body: '1',
pushName: 'vendedor11softys',,body: '1',
pushName: 'vendedor11softys',,body: '',
pushName: 'vendedor11softys',,body: '75548',
pushName: 'vendedor11softys',,body: '',
pushName: 'Aldanaâœ¨',,body: '59779',
pushName: 'Lucas Vendedor Molinos',,body: '1',
pushName: 'Lucas Vendedor Molinos',,body: '1',
pushName: 'Lucas Vendedor Molinos',,body: '54329',
pushName: 'Wellinyer Vendedor 17',,body: '1',
pushName: 'Aldanaâœ¨',,body: '1',
pushName: 'Wellinyer Vendedor 17',,body: '7348',
pushName: 'Carlos Vadfood V24',,body: '1',
pushName: 'Aldanaâœ¨',,body: '59075',
pushName: 'Carlos Vadfood V24',,body: '8868',
pushName: 'Aldanaâœ¨',,body: '1',
pushName: 'R.',,body: '1',
pushName: 'R.',,body: '7803',
pushName: 'LucasðŸŽ­',,body: '1',
pushName: 'Ezequiel',,body: '1',
pushName: 'Aldanaâœ¨',,body: '53104',
pushName: 'LucasðŸŽ­',,body: '70098',
pushName: 'Ezequiel',,body: '1',
pushName: 'Ezequiel',,body: '50897',
pushName: 'Ezequiel',,body: '1',
pushName: 'Ezequiel',,body: '54658',
pushName: 'Ezequiel',,body: '1',
pushName: 'Ezequiel',,body: '50227',
pushName: 'vend5rocanegraeste',,body: '50542',
pushName: 'vend5rocanegraeste',,body: '1',
pushName: 'Carlos Vadfood V24',,body: '1',
pushName: 'Carlos Vadfood V24',,body: '10615',
pushName: 'Martin Vendedor 14',,body: '1',
pushName: 'Martin Vendedor 14',,body: '14560',
pushName: 'Santiago Peralta',,body: '1',
pushName: 'R.',,body: '1',
pushName: 'R.',,body: '8060',
pushName: 'Aldanaâœ¨',,body: '1',
pushName: 'Cristian N. Molinos',,body: '1',
pushName: 'Cristian N. Molinos',,body: '1',
pushName: 'Santiago Peralta',,body: '13',
pushName: 'Aldanaâœ¨',,body: '59841',
pushName: 'Cristian N. Molinos',,body: '51820',
pushName: 'R.',,body: '1',
pushName: 'R.',,body: '7721',
pushName: 'R.',,body: '1',
pushName: 'Vendedor Softys',,body: '1',
pushName: 'Cristian N. Molinos',,body: '1',
pushName: 'Vendedor Softys',,body: '76063',
pushName: 'Cristian N. Molinos',,body: '50702',
pushName: 'R.',,body: '6612',
pushName: 'Vendedor 19',,body: '1',
pushName: 'vendedor11softys',,body: '1',
pushName: 'vendedor11softys',,body: '',
pushName: 'vendedor11softys',,body: '70510',
pushName: 'vendedor11softys',,body: '',
pushName: 'R.',,body: '13440',
pushName: 'R.',,body: '1',
pushName: 'R.',,body: '13440',
pushName: 'Vendedor 19',,body: '2859',
pushName: 'Vendedor 19',,body: '1',
pushName: 'Diego PeÃ±aflor Molinos',,body: '71439',
pushName: 'Diego PeÃ±aflor Molinos',,body: '1',
pushName: 'Diego PeÃ±aflor Molinos',,body: '71439',
pushName: 'Vendedor 19',,body: '14791',
pushName: 'Vendedor 19',,body: '1',
pushName: 'Vendedor Softys',,body: '1',
pushName: 'Diego PeÃ±aflor Molinos',,body: '1',
pushName: 'Vendedor Softys',,body: '85431',
pushName: 'Diego PeÃ±aflor Molinos',,body: '71437',
pushName: 'Vendedor 19',,body: '14577',
pushName: 'Diego PeÃ±aflor Molinos',,body: '1',
pushName: 'Diego PeÃ±aflor Molinos',,body: '77220',
pushName: 'Aldanaâœ¨',,body: '1',
pushName: 'Aldanaâœ¨',,body: '58867',
pushName: 'Vendedor 19',,body: '1',
pushName: 'Vendedor 19',,body: '14591',
pushName: 'Vendedor 11',,body: '1',
pushName: 'Vendedor 11',,body: '58746',
pushName: 'Vendedor 11',,body: '1',
pushName: 'Carlos Vadfood V24',,body: '1',
pushName: 'Wellinyer Vendedor 17',,body: '1',
pushName: 'Carlos Vadfood V24',,body: '9579',
pushName: 'Wellinyer Vendedor 17',,body: '13698',
pushName: 'Vendedor 11',,body: '59215',
pushName: 'ven 03 Eugenia',,body: '8298',
pushName: 'ven 03 Eugenia',,body: '1',
pushName: 'ven 03 Eugenia',,body: '8298',
pushName: 'Martin Vendedor 14',,body: '1',
pushName: 'Martin Vendedor 14',,body: '8668',
pushName: 'Vendedor 11',,body: '1',
pushName: 'Vendedor 11',,body: '59862',
pushName: 'Vendedor 11',,body: '1',
pushName: 'Vendedor 11',,body: '58989',
pushName: 'Vendedor 11',,body: '1',
pushName: 'Vendedor 11',,body: '59664',
pushName: 'Vendedor 11',,body: '1',
pushName: 'Barby - Paty',,body: '1',
pushName: 'Barby - Paty',,body: '6510',
pushName: 'Carlos Vadfood V24',,body: '1',
pushName: 'Carlos Vadfood V24',,body: '9848',
pushName: 'Fernando Vafood Srl',,body: '1',
pushName: 'Fernando Vafood Srl',,body: '9692',
pushName: 'Vendedor 11',,body: '5880',
pushName: 'Facu',,body: '56392',
pushName: 'Vendedor 11',,body: '58880',
pushName: 'Martin Vendedor 14',,body: '1',
pushName: 'Martin Vendedor 14',,body: '7630',
pushName: 'Martin Vendedor 14',,body: '1',
pushName: 'Wellinyer Vendedor 17',,body: '1',
pushName: 'Wellinyer Vendedor 17',,body: '6620',
pushName: 'Martin Vendedor 14',,body: '13686',
pushName: 'Lucas Vendedor Molinos',,body: '1',
pushName: 'Lucas Vendedor Molinos',,body: '54387',
pushName: 'Aldanaâœ¨',,body: '1',
pushName: 'Aldanaâœ¨',,body: '58832',
pushName: 'vendedor26vafood',,body: '1',
pushName: 'vendedor26vafood',,body: '8117',
pushName: 'vendedor26vafood',,body: '1',
pushName: 'vendedor26vafood',,body: '8117',
pushName: 'Carlos Vadfood V24',,body: '1',
pushName: 'Carlos Vadfood V24',,body: '5531',
pushName: 'Pablo Corzo',,body: '1',
pushName: 'Pablo Corzo',,body: '57930',
pushName: 'LucasðŸŽ­',,body: '1',
pushName: 'LucasðŸŽ­',,body: '71402',
pushName: 'Diego PeÃ±aflor Molinos',,body: '1',
pushName: 'Diego PeÃ±aflor Molinos',,body: '79721',
pushName: 'Matias',,body: '1',
pushName: 'VaFood MatÃ­as',,body: '1',
pushName: 'Matias',,body: '10281',
pushName: 'VaFood MatÃ­as',,body: '1',
pushName: 'Matias',,body: '1',
pushName: 'VaFood MatÃ­as',,body: '54217',
pushName: 'Matias',,body: '14726',
pushName: 'Aldanaâœ¨',,body: '1',
pushName: 'R.',,body: '1',
pushName: 'R.',,body: '7721',
pushName: 'Aldanaâœ¨',,body: '58538',
pushName: 'Ezequiel',,body: '1',
pushName: 'Ezequiel',,body: '51048',
pushName: 'Ezequiel',,body: '1',
pushName: 'Facu',,body: '1',
pushName: 'Ezequiel',,body: '5063',
pushName: 'Facu',,body: '53380',
pushName: 'Ezequiel',,body: '1',
pushName: 'Ezequiel',,body: '1',
pushName: 'Ezequiel',,body: '10226',
pushName: 'Ezequiel',,body: '1',
pushName: 'Aldanaâœ¨',,body: '1',
pushName: 'Ezequiel',,body: '13432',
pushName: 'Aldanaâœ¨',,body: '58537',
pushName: 'Ezequiel',,body: '1',
pushName: 'Ezequiel',,body: '6377',
pushName: 'vendedor11softys',,body: '1',
pushName: 'vendedor11softys',,body: '',
pushName: 'vendedor11softys',,body: '85503',
pushName: 'vendedor11softys',,body: '',
pushName: 'vendedor26vafood',,body: '1',
pushName: 'Wellinyer Vendedor 17',,body: '1',
pushName: 'vendedor26vafood',,body: '13647',
pushName: 'Wellinyer Vendedor 17',,body: '10672',
pushName: 'Julieta Softys',,body: '1',
pushName: 'Julieta Softys',,body: '77478',
pushName: 'Martin Vendedor 14',,body: '1',
pushName: 'Martin Vendedor 14',,body: '13657',
pushName: 'vendedor26vafood',,body: '13646',
pushName: 'vendedor26vafood',,body: '1',
pushName: 'vendedor26vafood',,body: '13646',
pushName: 'Facu',,body: '1',
pushName: 'vendedor26vafood',,body: '1',
pushName: 'Facu',,body: '50485',
pushName: 'Facu',,body: '1',
pushName: 'Carlos Vadfood V24',,body: '1',
pushName: 'Carlos Vadfood V24',,body: '8894',
pushName: 'Carlos Vadfood V24',,body: '1',
pushName: 'Martin Vendedor 14',,body: '1',
pushName: 'vendedor26vafood',,body: '10164',
pushName: 'vendedor26vafood',,body: '1',
pushName: 'vendedor26vafood',,body: '1',
pushName: 'Martin Vendedor 14',,body: '8456',
pushName: 'Nicolas',,body: '1',
pushName: 'Nicolas',,body: '1',
pushName: 'vendedor26vafood',,body: '13027',
pushName: 'Nicolas',,body: '56330',
pushName: 'Fernando Vafood Srl',,body: '1',
pushName: 'Fernando Vafood Srl',,body: '12678',
pushName: 'Pablo Corzo',,body: '1',
pushName: 'Pablo Corzo',,body: '57898',
pushName: 'LucasðŸŽ­',,body: '1',
pushName: 'LucasðŸŽ­',,body: '76931',
pushName: 'Vendedor 11',,body: '1',
pushName: 'Vendedor 11',,body: '58795',
pushName: 'Vendedor 11',,body: '1',
pushName: 'Vendedor 11',,body: '59160',
pushName: 'BenjamÃ­n Molinos',,body: '1',
pushName: 'BenjamÃ­n Molinos',,body: '1',
pushName: 'BenjamÃ­n Molinos',,body: '70415',
pushName: 'Diego PeÃ±aflor Molinos',,body: '1',
pushName: 'Diego PeÃ±aflor Molinos',,body: '79711',
pushName: 'Carlos Vadfood V24',,body: '1',
pushName: 'Carlos Vadfood V24',,body: '13100',
pushName: 'Aldanaâœ¨',,body: '1',
pushName: 'Aldanaâœ¨',,body: '58541',
pushName: 'Hugo',,body: '1',
pushName: 'Hugo',,body: '11099',
pushName: 'Diego PeÃ±aflor Molinos',,body: '1',
pushName: 'Diego PeÃ±aflor Molinos',,body: '76824',
pushName: 'Santiago Peralta',,body: '1',
pushName: 'Pablo Vafood',,body: '1',
pushName: 'Pablo Vafood',,body: '',
pushName: 'Carlos Vadfood V24',,body: '1',
pushName: 'Pablo Vafood',,body: '7615',
pushName: 'Pablo Vafood',,body: '',
pushName: 'Carlos Vadfood V24',,body: '1066',
pushName: 'Carlos Vadfood V24',,body: '10966',
pushName: 'Ezequiel',,body: '1',
pushName: 'Ezequiel',,body: '12654',
pushName: 'Diego PeÃ±aflor Molinos',,body: '1',
pushName: 'Diego PeÃ±aflor Molinos',,body: '76828',
pushName: 'Diego PeÃ±aflor Molinos',,body: '1',
pushName: 'Aldanaâœ¨',,body: '1',
pushName: 'Aldanaâœ¨',,body: '58895',
pushName: 'Julieta Softys',,body: '1',
pushName: 'Julieta Softys',,body: '77476',
pushName: 'Fedeposse VaFood',,body: '1',
pushName: 'Fedeposse VaFood',,body: '51132',
pushName: 'Martin Vendedor 14',,body: '1',
pushName: 'Martin Vendedor 14',,body: '5654',
pushName: 'Martin Vendedor 14',,body: '5464',
pushName: 'Ezequiel',,body: '1',
pushName: 'Ezequiel',,body: '4672',
pushName: 'vendedor26vafood',,body: '1',
pushName: 'Facu',,body: '50491',
pushName: 'vendedor26vafood',,body: '10275',
pushName: 'Matias',,body: '1',
pushName: 'Matias',,body: '12715',
pushName: 'Matias',,body: '1',
pushName: 'Matias',,body: '10651',
pushName: 'Vendedor Softys',,body: '1',
pushName: 'Vendedor Softys',,body: '78774',
pushName: 'Matias',,body: '1',
pushName: 'Matias',,body: '10671',
pushName: 'Matias',,body: '1',
pushName: 'Matias',,body: '11395',
pushName: 'Matias',,body: '11796',
pushName: 'vendedor11softys',,body: '1',
pushName: 'vendedor11softys',,body: '',
pushName: 'vendedor11softys',,body: '76431',
pushName: 'vendedor11softys',,body: '',
pushName: 'Matias',,body: '1',
pushName: 'Matias',,body: '11796',
pushName: 'Barby - Paty',,body: '1',
pushName: 'ven 03 Eugenia',,body: '1',
pushName: 'Barby - Paty',,body: '8565',
pushName: 'ven 03 Eugenia',,body: '14849',
pushName: 'Aldanaâœ¨',,body: '1',
pushName: 'Diego PeÃ±aflor Molinos',,body: '76838',
pushName: 'Aldanaâœ¨',,body: '58814',
pushName: 'Diego PeÃ±aflor Molinos',,body: '1',
pushName: 'Martin Vendedor 14',,body: '1',
pushName: 'Martin Vendedor 14',,body: '6654',
pushName: 'Diego PeÃ±aflor Molinos',,body: '79677',
pushName: 'Diego PeÃ±aflor Molinos',,body: '1',
pushName: 'Sebastian vendedor Vafood',,body: '1',
pushName: 'Sebastian vendedor Vafood',,body: '57396',
pushName: 'Vendedor 19',,body: '1',
pushName: 'Pablo Corzo',,body: '1',
pushName: 'Carlos Vadfood V24',,body: '1',
pushName: 'Pablo Corzo',,body: '52884',
pushName: 'Wellinyer Vendedor 17',,body: '1',
pushName: 'Wellinyer Vendedor 17',,body: '12675',
pushName: 'Vendedor 19',,body: '12611',
pushName: 'Nicolas',,body: '1',
pushName: 'Nicolas',,body: '56229',
pushName: 'Sebastian vendedor Vafood',,body: '1',
pushName: 'Sebastian vendedor Vafood',,body: '52759',
pushName: 'Sebastian vendedor Vafood',,body: '52749',
pushName: 'Sebastian vendedor Vafood',,body: '1',
pushName: 'Sebastian vendedor Vafood',,body: '52749',
pushName: 'Facu',,body: '1',
pushName: 'LucasðŸŽ­',,body: '1',
pushName: 'Facu',,body: '54996',
pushName: 'Facu',,body: '1',
pushName: 'vendedor11softys',,body: '1',
pushName: 'LucasðŸŽ­',,body: '71494',
pushName: 'vendedor11softys',,body: '',
pushName: 'vendedor26vafood',,body: '1',
pushName: 'vendedor11softys',,body: '72284',
pushName: 'vendedor26vafood',,body: '6564',
pushName: 'vendedor11softys',,body: '',
pushName: 'Facu',,body: '51305',
pushName: 'Facu',,body: '1',
pushName: 'Fedeposse VaFood',,body: '1',
pushName: 'Fedeposse VaFood',,body: '55034',
pushName: 'R.',,body: '1',
pushName: 'Vendedor 19',,body: '1',
pushName: 'Hugo',,body: '1',
pushName: 'Hugo',,body: '1125',
pushName: 'R.',,body: '6612',
pushName: 'Vendedor 19',,body: '10788',
pushName: 'Fedeposse VaFood',,body: '1',
pushName: 'Fedeposse VaFood',,body: '51129',
pushName: 'Vendedor 11',,body: '1',
pushName: 'Vendedor 11',,body: '58514',
pushName: 'Vendedor 11',,body: '1',
pushName: 'Vendedor 11',,body: '58574',
pushName: 'Vendedor 11',,body: '1',
pushName: 'Vendedor Softys',,body: '1',
pushName: 'Aldanaâœ¨',,body: '1',
pushName: 'Vendedor 11',,body: '58795',
pushName: 'Vendedor 11',,body: '1',
pushName: 'Aldanaâœ¨',,body: '59044',
pushName: 'Vendedor Softys',,body: '72373',
pushName: 'Vendedor 19',,body: '1',
pushName: 'Vendedor 19',,body: '3707',
pushName: 'Vendedor Softys',,body: '1',
pushName: 'Vendedor Softys',,body: '72395',
pushName: 'Vendedor 11',,body: '58785',
pushName: 'Pablo Corzo',,body: '1',
pushName: 'Pablo Corzo',,body: '52886',
pushName: 'Lucas Vendedor Molinos',,body: '1',
pushName: 'Martin Vendedor 14',,body: '1',
pushName: 'Martin Vendedor 14',,body: '11368',
pushName: 'Lucas Vendedor Molinos',,body: '54700',
pushName: 'VaFood MatÃ­as',,body: '1',
pushName: 'Aldanaâœ¨',,body: '1',
pushName: 'Martin Vendedor 14',,body: '13668',
pushName: 'VaFood MatÃ­as',,body: '54537',
pushName: 'Martin Vendedor 14',,body: '1',
pushName: 'Aldanaâœ¨',,body: '58823',
pushName: 'Martin Vendedor 14',,body: '11120',
pushName: 'Vendedor 11',,body: '1',
pushName: 'ven 03 Eugenia',,body: '1',
pushName: 'ven 03 Eugenia',,body: '12306',
pushName: 'Vendedor 11',,body: '58872',
pushName: 'Vendedor 11',,body: '1',
pushName: 'Vendedor 11',,body: '58906',
pushName: 'Ezequiel',,body: '1',
pushName: 'Martin Vendedor 14',,body: '1',
pushName: 'Martin Vendedor 14',,body: '9607',
pushName: 'Martin Vendedor 14',,body: '1',
pushName: 'Martin Vendedor 14',,body: '14819',
pushName: 'Hugo',,body: '1',
pushName: 'Hugo',,body: '5170',
pushName: 'Ezequiel',,body: '8661',
pushName: 'Vendedor Softys',,body: '1',
pushName: 'Vendedor Softys',,body: '76412',
pushName: 'R.',,body: '1',
pushName: 'R.',,body: '8060',
pushName: 'Nicolas',,body: '1',
pushName: 'Nicolas',,body: '58006',
pushName: 'vendedor26vafood',,body: '1',
pushName: 'vendedor26vafood',,body: '7309',
pushName: 'vendedor26vafood',,body: '1',
pushName: 'vendedor26vafood',,body: '7193',
pushName: 'Ezequiel',,body: '52539',
pushName: 'Ezequiel',,body: '1',
pushName: 'Wellinyer Vendedor 17',,body: '1',
pushName: 'R.',,body: '1',
pushName: 'R.',,body: '7795',
pushName: 'Wellinyer Vendedor 17',,body: '7788',
pushName: 'R.',,body: '1',
pushName: 'R.',,body: '13440',
pushName: 'Wellinyer Vendedor 17',,body: '1',
pushName: 'Wellinyer Vendedor 17',,body: '7628',
pushName: 'Fedeposse VaFood',,body: '1',
pushName: 'LucasðŸŽ­',,body: '1',
pushName: 'LucasðŸŽ­',,body: '71404',
pushName: 'Fedeposse VaFood',,body: '51411',
pushName: 'Barby - Paty',,body: '1',
pushName: 'Barby - Paty',,body: '6692',
pushName: 'R.',,body: '1',
pushName: 'Pablo Corzo',,body: '1',
pushName: 'Pablo Corzo',,body: '51775',
pushName: 'R.',,body: '7829',
pushName: 'R.',,body: '1',
pushName: 'Pablo Corzo',,body: '1',
pushName: 'Pablo Corzo',,body: '52883',
pushName: 'R.',,body: '8521',
pushName: 'vendedor26vafood',,body: '1',
pushName: 'vendedor26vafood',,body: '7661',
pushName: 'Aldanaâœ¨',,body: '1',
pushName: 'Aldanaâœ¨',,body: '59183',
pushName: 'Carlos Vadfood V24',,body: '1',
pushName: 'Carlos Vadfood V24',,body: '8428',
pushName: 'Carlos Vadfood V24',,body: '1',
pushName: 'Carlos Vadfood V24',,body: '11113',
pushName: 'LucasðŸŽ­',,body: '1',
pushName: 'LucasðŸŽ­',,body: '70891',
pushName: 'Carlos Vadfood V24',,body: '1',
pushName: 'Carlos Vadfood V24',,body: '1',
pushName: 'Carlos Vadfood V24',,body: '6989',
pushName: 'Diego PeÃ±aflor Molinos',,body: '78958',
pushName: 'Ezequiel',,body: '57927',
pushName: 'Ezequiel',,body: '1',
pushName: 'Pablo Corzo',,body: '1',
pushName: 'Pablo Corzo',,body: '56950',
pushName: 'Diego PeÃ±aflor Molinos',,body: '1',
pushName: 'Diego PeÃ±aflor Molinos',,body: '79237',
pushName: 'vend5rocanegraeste',,body: '57842',
pushName: 'vend5rocanegraeste',,body: '1',
pushName: 'vend5rocanegraeste',,body: '57846',
pushName: 'vend5rocanegraeste',,body: '1',
pushName: 'vend5rocanegraeste',,body: '57847',
pushName: 'vend5rocanegraeste',,body: '1',
pushName: 'vend5rocanegraeste',,body: '57373',
pushName: 'vend5rocanegraeste',,body: '1',
pushName: 'Facu',,body: '53046',
pushName: 'vend5rocanegraeste',,body: '57833',
pushName: 'Facu',,body: '53056',
pushName: 'vend5rocanegraeste',,body: '1',
pushName: 'vend5rocanegraeste',,body: '56411',
pushName: 'vend5rocanegraeste',,body: '1',
pushName: 'Facu',,body: '1',
pushName: 'Facu',,body: '53228',
pushName: 'Facu',,body: '1',
pushName: 'Diego PeÃ±aflor Molinos',,body: '1',
pushName: 'Diego PeÃ±aflor Molinos',,body: '76850',
pushName: 'Hugo',,body: '1',
pushName: 'Hugo',,body: '1081',
pushName: 'vendedor11softys',,body: '1',
pushName: 'vendedor11softys',,body: '',
pushName: 'vendedor11softys',,body: '85464',
pushName: 'vendedor11softys',,body: '',
pushName: 'Fedeposse VaFood',,body: '1',
pushName: 'Fedeposse VaFood',,body: '56957',
pushName: 'Carlos Vadfood V24',,body: '1',
pushName: 'Hugo',,body: '1',
pushName: 'Carlos Vadfood V24',,body: '11396',
pushName: 'Hugo',,body: '4542',
pushName: 'Fedeposse VaFood',,body: '1',
pushName: 'Fedeposse VaFood',,body: '56947',
pushName: 'R.',,body: '1',
pushName: 'R.',,body: '11794',
pushName: 'R.',,body: '11795',
pushName: 'R.',,body: '1',
pushName: 'vendedor11softys',,body: '1',
pushName: 'R.',,body: '10501',
pushName: 'vendedor11softys',,body: '',
pushName: 'vendedor11softys',,body: '70512',
pushName: 'vendedor11softys',,body: '',
pushName: 'R.',,body: '10511',
pushName: 'Pablo Corzo',,body: '1',
pushName: 'Pablo Corzo',,body: '56944',
pushName: 'R.',,body: '7365',
pushName: 'R.',,body: '1',
pushName: 'R.',,body: '10511',
pushName: 'R.',,body: '1',
pushName: 'R.',,body: '7365',
pushName: 'Hugo',,body: '1',
pushName: 'Hugo',,body: '5159',
pushName: 'Diego PeÃ±aflor Molinos',,body: '1',
pushName: 'Diego PeÃ±aflor Molinos',,body: '76835',
pushName: 'Vendedor 11',,body: '1',
pushName: 'Vendedor 11',,body: '60120',
pushName: 'David Abouzed',,body: '1',
pushName: 'Vendedor 11',,body: '1',
pushName: 'Vendedor 11',,body: '59860',
pushName: 'Barby - Paty',,body: '1',
pushName: 'R.',,body: '1',
pushName: 'Barby - Paty',,body: '6017',
pushName: 'R.',,body: '11212',
pushName: 'David Abouzed',,body: '10450',
pushName: 'R.',,body: '1',
pushName: 'LucasðŸŽ­',,body: '1',
pushName: 'LucasðŸŽ­',,body: '79837',
pushName: 'Ezequiel',,body: '1',
pushName: 'Ezequiel',,body: '10478',
pushName: 'Facu',,body: '54996',
pushName: 'Pablo Corzo',,body: '1',
pushName: 'Facu',,body: '1',
pushName: 'Pablo Corzo',,body: '59276',
pushName: 'R.',,body: '1',
pushName: 'R.',,body: '13969',
pushName: 'Ezequiel',,body: '1',
pushName: 'Facu',,body: '50501',
pushName: 'Ezequiel',,body: '57955',
pushName: 'Ezequiel',,body: '57954',
pushName: 'vendedor11softys',,body: '1',
pushName: 'vendedor11softys',,body: '',
pushName: 'vendedor11softys',,body: '85493',
pushName: 'vendedor11softys',,body: '',
pushName: 'vendedor11softys',,body: '1',
pushName: 'vendedor11softys',,body: '',
pushName: 'vendedor11softys',,body: '70637',
pushName: 'vendedor11softys',,body: '',
pushName: 'Fedeposse VaFood',,body: '1',
pushName: 'Fedeposse VaFood',,body: '55979',
pushName: 'Fedeposse VaFood',,body: '1',
pushName: 'Barby - Paty',,body: '1',
pushName: 'Barby - Paty',,body: '12077',
pushName: 'Lucas Vendedor Molinos',,body: '1',
pushName: 'Lucas Vendedor Molinos',,body: '56035',
pushName: 'Pablo Corzo',,body: '1',
pushName: 'Fedeposse VaFood',,body: '1',
pushName: 'Pablo Corzo',,body: '57871',
pushName: 'vendedor26vafood',,body: '1',
pushName: 'vendedor26vafood',,body: '8129',
pushName: 'Fedeposse VaFood',,body: '53265',
pushName: 'vendedor26vafood',,body: '1',
pushName: 'Lucas Vendedor Molinos',,body: '1',
pushName: 'Lucas Vendedor Molinos',,body: '54319',
pushName: 'Martin Vendedor 14',,body: '1',
pushName: 'Martin Vendedor 14',,body: '7632',
pushName: 'vendedor11softys',,body: '1',
pushName: 'vendedor11softys',,body: '',
pushName: 'Martin Vendedor 14',,body: '1',
pushName: 'vendedor11softys',,body: '75487',
pushName: 'vendedor11softys',,body: '',
pushName: 'Martin Vendedor 14',,body: '7899',
pushName: 'Martin Vendedor 14',,body: '1',
pushName: 'Martin Vendedor 14',,body: '13349',
pushName: 'Martin Vendedor 14',,body: '1',
pushName: 'Martin Vendedor 14',,body: '5480',
pushName: 'Martin Vendedor 14',,body: '1',
pushName: 'Martin Vendedor 14',,body: '8512',
pushName: 'Martin Vendedor 14',,body: '1',
pushName: 'Martin Vendedor 14',,body: '9603',
pushName: 'Facu',,body: '1',
pushName: 'Facu',,body: '51303',
pushName: 'Facu',,body: '1',
pushName: 'Facu',,body: '53081',
pushName: 'Facu',,body: '1',
pushName: 'Facu',,body: '51083',
pushName: 'Hugo',,body: '1',
pushName: 'Hugo',,body: '1160',
pushName: 'Ezequiel',,body: '1',
pushName: 'Ezequiel',,body: '10366',
pushName: 'Ezequiel',,body: '1',
pushName: 'Ezequiel',,body: '7999',
pushName: 'Ezequiel',,body: '7990',
pushName: 'Ezequiel',,body: '1',
pushName: 'Ezequiel',,body: '12492',
pushName: 'Ezequiel',,body: '1',
pushName: 'Ezequiel',,body: '51056',
pushName: 'R.',,body: '1',
pushName: 'R.',,body: '7365',
pushName: 'vendedor11softys',,body: '1',
pushName: 'vendedor11softys',,body: '',
pushName: 'vendedor11softys',,body: '75487',
pushName: 'vendedor11softys',,body: '',
pushName: 'Pablo Corzo',,body: '1',
pushName: 'Pablo Corzo',,body: '56655',
pushName: 'vendedor11softys',,body: '1',
pushName: 'vendedor11softys',,body: '',
pushName: 'R.',,body: '1',
pushName: 'vendedor11softys',,body: '85541',
pushName: 'vendedor11softys',,body: '',
pushName: 'vendedor11softys',,body: '1',
pushName: 'vendedor11softys',,body: '',
pushName: 'R.',,body: '10758',
pushName: 'vendedor11softys',,body: '1',
pushName: 'vendedor11softys',,body: '',
pushName: 'vendedor11softys',,body: '1',
pushName: 'vendedor11softys',,body: '',
pushName: 'vendedor11softys',,body: '85451',
pushName: 'vendedor11softys',,body: '',
pushName: 'Aldanaâœ¨',,body: '1',
pushName: 'Aldanaâœ¨',,body: '59121',
pushName: 'Wellinyer Vendedor 17',,body: '1',
pushName: 'Wellinyer Vendedor 17',,body: '7736',
pushName: 'Wellinyer Vendedor 17',,body: '1',
pushName: 'Vendedor 19',,body: '1',
pushName: 'Vendedor 19',,body: '3524',
pushName: 'Pablo Corzo',,body: '1',
pushName: 'Pablo Corzo',,body: '54457',
pushName: 'Vendedor 19',,body: '2816',
pushName: 'Carlos Vadfood V24',,body: '1',
pushName: 'Vendedor 19',,body: '1',
pushName: 'Pablo Corzo',,body: '1',
pushName: 'Carlos Vadfood V24',,body: '8092',
pushName: 'Pablo Corzo',,body: '54457',
pushName: 'Vendedor 19',,body: '2826',
pushName: 'Vendedor 19',,body: '2816',
pushName: 'vendedor11softys',,body: '1',
pushName: 'vendedor11softys',,body: '',
pushName: 'vendedor11softys',,body: '85498',
pushName: 'vendedor11softys',,body: '',
pushName: 'Vendedor 19',,body: '2814',
pushName: 'Hugo',,body: '1',
pushName: 'Hugo',,body: '1091',
pushName: 'LucasðŸŽ­',,body: '1',
pushName: 'LucasðŸŽ­',,body: '79103',
pushName: 'Vendedor 19',,body: '1',
pushName: 'Wellinyer Vendedor 17',,body: '10811',
pushName: 'Vendedor 19',,body: '2820',
pushName: 'Vendedor 19',,body: '1',
pushName: 'Vendedor 19',,body: '2815',
pushName: 'Wellinyer Vendedor 17',,body: '1',
pushName: 'Wellinyer Vendedor 17',,body: '7786',
pushName: 'R.',,body: '1',
pushName: 'R.',,body: '8130',
pushName: 'Ezequiel',,body: '1',
pushName: 'Ezequiel',,body: '1527',
pushName: 'R.',,body: '1',
pushName: 'Vendedor 19',,body: '1',
pushName: 'R.',,body: '7375',
pushName: 'Ezequiel',,body: '10508',
pushName: 'Vendedor 19',,body: '2818',
pushName: 'Ezequiel',,body: '1',
pushName: 'Ezequiel',,body: '10508',
pushName: 'Vendedor 19',,body: '1',
pushName: 'LucasðŸŽ­',,body: '1',
pushName: 'LucasðŸŽ­',,body: '70130',
pushName: 'Vendedor 19',,body: '10788',
pushName: 'R.',,body: '1',
pushName: 'Vendedor 19',,body: '1',
pushName: 'R.',,body: '13054',
pushName: 'Vendedor 19',,body: '10986',
pushName: 'Wellinyer Vendedor 17',,body: '1',
pushName: 'Wellinyer Vendedor 17',,body: '7535',
pushName: 'Wellinyer Vendedor 17',,body: '1',
pushName: 'Wellinyer Vendedor 17',,body: '13116',
pushName: 'Carlos Vadfood V24',,body: '1',
pushName: 'Carlos Vadfood V24',,body: '8884',
pushName: 'Fedeposse VaFood',,body: '1',
pushName: 'Fedeposse VaFood',,body: '53270',
pushName: 'Wellinyer Vendedor 17',,body: '1',
pushName: 'Wellinyer Vendedor 17',,body: '13381',
pushName: 'Vendedor 11',,body: '1',
pushName: 'Vendedor 11',,body: '58802',
pushName: 'Vendedor 11',,body: '1',
pushName: 'Vendedor 11',,body: '58801',
pushName: 'vendedor11softys',,body: '1',
pushName: 'vendedor11softys',,body: '',
pushName: 'vendedor11softys',,body: ',85461',
pushName: 'vendedor11softys',,body: '',
pushName: 'vendedor11softys',,body: '85461',
pushName: 'vendedor11softys',,body: '',
pushName: 'Ezequiel',,body: '1',
pushName: 'Ezequiel',,body: '9393',
pushName: 'Carlos Vadfood V24',,body: '1',
pushName: 'Carlos Vadfood V24',,body: '8883',
pushName: 'Ezequiel',,body: '1',
pushName: 'Pablo Corzo',,body: '55928',
pushName: 'Carlos Vadfood V24',,body: '1',
pushName: 'Fedeposse VaFood',,body: '1',
pushName: 'Ezequiel',,body: '12062',
pushName: 'Fedeposse VaFood',,body: '52979',
pushName: 'Carlos Vadfood V24',,body: '9405',
pushName: 'Ezequiel',,body: '1',
pushName: 'Ezequiel',,body: '10590',
pushName: 'R.',,body: '13055',
pushName: 'Carlos Vadfood V24',,body: '1',
pushName: 'Carlos Vadfood V24',,body: '12453',
pushName: 'Ezequiel',,body: '1',
pushName: 'Ezequiel',,body: '51134',
pushName: 'Facu',,body: '1',
pushName: 'Facu',,body: '56425',
pushName: 'Facu',,body: '1',
pushName: 'Hugo',,body: '1',
pushName: 'Hugo',,body: '5113',
pushName: 'Facu',,body: '51146',
pushName: 'Facu',,body: '1',
pushName: 'Facu',,body: '53803',
pushName: 'Facu',,body: '1',
pushName: 'Facu',,body: '51358',
pushName: 'Facu',,body: '1',
pushName: 'Facu',,body: '59280',
pushName: 'Facu',,body: '1',
pushName: 'Facu',,body: '50505',
pushName: 'vendedor11softys',,body: '1',
pushName: 'vendedor11softys',,body: '',
pushName: 'Facu',,body: '1',
pushName: 'vendedor11softys',,body: '70552',
pushName: 'vendedor11softys',,body: '',
pushName: 'Facu',,body: '51290',
pushName: 'Pablo Corzo',,body: '1',
pushName: 'Pablo Corzo',,body: '55780',
pushName: 'Fedeposse VaFood',,body: '1',
pushName: 'Fedeposse VaFood',,body: '50380',
pushName: 'Facu',,body: '1',
pushName: 'Wellinyer Vendedor 17',,body: '1',
pushName: 'Wellinyer Vendedor 17',,body: '14668',
pushName: 'Wellinyer Vendedor 17',,body: '1',
pushName: 'Wellinyer Vendedor 17',,body: '12855',
pushName: 'Lucas Vendedor Molinos',,body: '1',
pushName: 'Lucas Vendedor Molinos',,body: '54291',
pushName: 'Hugo',,body: '1',
pushName: 'Hugo',,body: '6676',
pushName: 'vendedor11softys',,body: '1',
pushName: 'vendedor11softys',,body: '',
pushName: 'vendedor11softys',,body: '71945',
pushName: 'vendedor11softys',,body: '',
pushName: 'LucasðŸŽ­',,body: '1',
pushName: 'LucasðŸŽ­',,body: '76923',
pushName: 'Ezequiel',,body: '1',
pushName: 'Ezequiel',,body: '51105',
pushName: 'Ezequiel',,body: '1',
pushName: 'Vendedor 19',,body: '1',
pushName: 'Vendedor 19',,body: '3707',
pushName: 'Pablo Corzo',,body: '1',
pushName: 'Pablo Corzo',,body: '57853',
pushName: 'Ezequiel',,body: '52469',
pushName: 'Vendedor 19',,body: '1',
pushName: 'Ezequiel',,body: '1',
pushName: 'Ezequiel',,body: '50253',
pushName: 'Ezequiel',,body: '1',
pushName: 'Vendedor 19',,body: '3839',
pushName: 'Ezequiel',,body: '56303',
pushName: 'Ezequiel',,body: '1',
pushName: 'Ezequiel',,body: '50465',
pushName: 'Pablo Corzo',,body: '1',
pushName: 'Ezequiel',,body: '1',
pushName: 'Pablo Corzo',,body: '51759',
pushName: 'Ezequiel',,body: '55164',
pushName: 'Ezequiel',,body: '1',
pushName: 'Ezequiel',,body: '56438',
pushName: 'Pablo Corzo',,body: '1',
pushName: 'Pablo Corzo',,body: '59431',
pushName: 'Ezequiel',,body: '56335',
pushName: 'Ezequiel',,body: '1',
pushName: 'Ezequiel',,body: '56335',
pushName: 'Carlos Vadfood V24',,body: '1',
pushName: 'Carlos Vadfood V24',,body: '8005',
pushName: 'Carlos Vadfood V24',,body: '1',
pushName: 'Carlos Vadfood V24',,body: '6582',
pushName: 'R.',,body: '7476',
pushName: 'R.',,body: '1',
pushName: 'R.',,body: '7476',
pushName: 'Pablo Corzo',,body: '1',
pushName: 'Pablo Corzo',,body: '54502',
pushName: 'R.',,body: '1',
pushName: 'R.',,body: '13055',
pushName: 'Vendedor 11',,body: '1',
pushName: 'Vendedor 11',,body: '58743',
pushName: 'R.',,body: '1',
pushName: 'R.',,body: '8434',
pushName: 'vendedor11softys',,body: '1',
pushName: 'vendedor11softys',,body: '',
pushName: 'vendedor11softys',,body: '71937',
pushName: 'vendedor11softys',,body: '',
pushName: 'R.',,body: '7434',
pushName: 'R.',,body: '1',
pushName: 'R.',,body: '7371',
pushName: 'Facu',,body: '57924',
pushName: 'Facu',,body: '1',
pushName: 'Fedeposse VaFood',,body: '1',
pushName: 'Vendedor 11',,body: '1',
pushName: 'Fedeposse VaFood',,body: '52356',
pushName: 'Vendedor 11',,body: '59304',
pushName: 'Vendedor 11',,body: '1',
pushName: 'Fedeposse VaFood',,body: '51356',
pushName: 'Vendedor 11',,body: '58968',
pushName: 'Fedeposse VaFood',,body: '1',
pushName: 'Fedeposse VaFood',,body: '51327',
pushName: 'Lucas Vendedor Molinos',,body: '1',
pushName: 'Lucas Vendedor Molinos',,body: '57337',
pushName: 'Facu',,body: '50962',
pushName: 'Facu',,body: '1',
pushName: 'Facu',,body: '50878',
pushName: 'Facu',,body: '1',
pushName: 'vendedor26vafood',,body: '1',
pushName: 'vendedor26vafood',,body: '7826',
pushName: 'Hugo',,body: '5151',
pushName: 'Hugo',,body: '1',
pushName: 'Hugo',,body: '5151',
pushName: 'Carlos Vadfood V24',,body: '1',
pushName: 'Carlos Vadfood V24',,body: '14043',
pushName: 'vendedor11softys',,body: '1',
pushName: 'vendedor11softys',,body: '',
pushName: 'vendedor11softys',,body: '76083',
pushName: 'vendedor11softys',,body: '',
pushName: 'Fernando Vafood Srl',,body: '1',
pushName: 'Fernando Vafood Srl',,body: '10169',
pushName: 'Fedeposse VaFood',,body: '1',
pushName: 'Fedeposse VaFood',,body: '51122',
pushName: 'Fedeposse VaFood',,body: '1',
pushName: 'Fedeposse VaFood',,body: '51349',
pushName: 'Facu',,body: '51413',
pushName: 'Facu',,body: '1',
pushName: 'Facu',,body: '56904',
pushName: 'Facu',,body: '1',
pushName: 'Facu',,body: '56392',
pushName: 'Facu',,body: '1',
pushName: 'Facu',,body: '56395',
pushName: 'vendedor11softys',,body: '1',
pushName: 'vendedor11softys',,body: '',
pushName: 'vendedor11softys',,body: '73380',
pushName: 'vendedor11softys',,body: '',
pushName: 'R.',,body: '1',
pushName: 'R.',,body: '7833',
pushName: 'vendedor11softys',,body: '1',
pushName: 'vendedor11softys',,body: '',
pushName: 'vendedor11softys',,body: '72304',
pushName: 'vendedor11softys',,body: '',
pushName: 'Vendedor Softys',,body: '1',
pushName: 'Vendedor Softys',,body: '76412',
pushName: 'vendedor11softys',,body: '1',
pushName: 'vendedor11softys',,body: '',
pushName: 'vendedor11softys',,body: '70679',
pushName: 'vendedor11softys',,body: '',
pushName: 'Fedeposse VaFood',,body: '1',
pushName: 'Fedeposse VaFood',,body: '51650',
pushName: 'vendedor11softys',,body: '1',
pushName: 'vendedor11softys',,body: '',
pushName: 'vendedor11softys',,body: '70453',
pushName: 'vendedor11softys',,body: '',
pushName: 'vendedor11softys',,body: '1',
pushName: 'vendedor11softys',,body: '',
pushName: 'vendedor11softys',,body: '73150',
pushName: 'vendedor11softys',,body: '',
pushName: 'R.',,body: '1',
pushName: 'vendedor11softys',,body: '1',
pushName: 'vendedor11softys',,body: '',
pushName: 'vendedor11softys',,body: '72000',
pushName: 'vendedor11softys',,body: '',
pushName: 'R.',,body: '13251',
pushName: 'R.',,body: '1',
pushName: 'R.',,body: '11394',
pushName: 'R.',,body: '1',
pushName: 'R.',,body: '6173',
pushName: 'R.',,body: '1',
pushName: 'R.',,body: '7238',
pushName: 'vendedor11softys',,body: '1',
pushName: 'vendedor11softys',,body: '',
pushName: 'vendedor11softys',,body: '75640',
pushName: 'vendedor11softys',,body: '',
pushName: 'Ezequiel',,body: '1',
pushName: 'Ezequiel',,body: '50479',
pushName: 'Cristian V12',,body: '1',
pushName: 'Cristian V12',,body: '',
pushName: 'Cristian V12',,body: '1',
pushName: 'Cristian V12',,body: '',
pushName: 'Cristian V12',,body: '13473',
pushName: 'Cristian V12',,body: '',
pushName: 'Cristian V12',,body: '1',
pushName: 'Cristian V12',,body: '',
pushName: 'Cristian V12',,body: '13474',
pushName: 'Cristian V12',,body: '',
pushName: 'Cristian V12',,body: '1',
pushName: 'Cristian V12',,body: '',
pushName: 'Cristian V12',,body: '13475',
pushName: 'Cristian V12',,body: '',
pushName: 'Cristian V12',,body: '1',
pushName: 'Cristian V12',,body: '',
pushName: 'Cristian V12',,body: '13477',
pushName: 'Cristian V12',,body: '',
pushName: 'vendedor11softys',,body: '1',
pushName: 'vendedor11softys',,body: '',
pushName: 'Cristian V12',,body: '13478',
pushName: 'Cristian V12',,body: '',
pushName: 'vendedor11softys',,body: '76570',
pushName: 'vendedor11softys',,body: '',
pushName: 'Cristian V12',,body: '1',
pushName: 'Cristian V12',,body: '',
pushName: 'Cristian V12',,body: '13478',
pushName: 'Cristian V12',,body: '',
pushName: 'Cristian V12',,body: '1',
pushName: 'Cristian V12',,body: '',
pushName: 'Cristian V12',,body: '13459',
pushName: 'Cristian V12',,body: '',
pushName: 'Cristian V12',,body: '1',
pushName: 'Cristian V12',,body: '',
pushName: 'Cristian V12',,body: '13585',
pushName: 'Cristian V12',,body: '',
pushName: 'Cristian V12',,body: '1',
pushName: 'Cristian V12',,body: '',
pushName: 'Cristian V12',,body: '13609',
pushName: 'Cristian V12',,body: '',
pushName: 'Cristian V12',,body: '1',
pushName: 'Cristian V12',,body: '',
pushName: 'Cristian V12',,body: '14504',
pushName: 'Cristian V12',,body: '',
pushName: 'Cristian V12',,body: '1',
pushName: 'Cristian V12',,body: '',
pushName: 'Cristian V12',,body: '14519',
pushName: 'Cristian V12',,body: '',
pushName: 'Cristian V12',,body: '1',
pushName: 'Cristian V12',,body: '',
pushName: 'Cristian V12',,body: '14868',
pushName: 'Cristian V12',,body: '',
pushName: 'Cristian V12',,body: '1',
pushName: 'Cristian V12',,body: '',
pushName: 'Cristian V12',,body: '14822',
pushName: 'Cristian V12',,body: '',
pushName: 'Cristian V12',,body: '1',
pushName: 'Cristian V12',,body: '',
pushName: 'Cristian V12',,body: '14820',
pushName: 'Cristian V12',,body: '',
pushName: 'R.',,body: '1',
pushName: 'R.',,body: '6204',
pushName: 'R.',,body: '1',
pushName: 'R.',,body: '11645',
pushName: 'R.',,body: '1',
pushName: 'R.',,body: '7981',
pushName: 'Lucas Vendedor Molinos',,body: '1',
pushName: 'Lucas Vendedor Molinos',,body: '1',
pushName: 'Lucas Vendedor Molinos',,body: '55600',
pushName: 'Lucas Vendedor Molinos',,body: '1',
pushName: 'Lucas Vendedor Molinos',,body: '54301',
pushName: 'Lucas Vendedor Molinos',,body: '1',
pushName: 'vendedor11softys',,body: '71938',
pushName: 'vendedor11softys',,body: '',
pushName: 'Lucas Vendedor Molinos',,body: '54301',
pushName: 'vendedor11softys',,body: '1',
pushName: 'vendedor11softys',,body: '',
pushName: 'vendedor11softys',,body: '71938',
pushName: 'vendedor11softys',,body: '',
pushName: 'Lucas Vendedor Molinos',,body: '1',
pushName: 'Lucas Vendedor Molinos',,body: '54323',
pushName: 'Lucas Vendedor Molinos',,body: '1',
pushName: 'Lucas Vendedor Molinos',,body: '57336',
pushName: 'Lucas Vendedor Molinos',,body: '56236',
pushName: 'vendedor11softys',,body: '1',
pushName: 'vendedor11softys',,body: '',
pushName: 'vendedor11softys',,body: '75487',
pushName: 'vendedor11softys',,body: '',
pushName: 'Lucas Vendedor Molinos',,body: '1',
pushName: 'Lucas Vendedor Molinos',,body: '57290',
pushName: 'vendedor11softys',,body: '1',
pushName: 'vendedor11softys',,body: '',
pushName: 'vendedor11softys',,body: '77200',
pushName: 'vendedor11softys',,body: '',
pushName: 'Bruno Molinos',,body: '1',
pushName: 'vendedor11softys',,body: '1',
pushName: 'vendedor11softys',,body: '',
pushName: 'vendedor11softys',,body: '77422',
pushName: 'vendedor11softys',,body: '',
pushName: 'Lucas Vendedor Molinos',,body: '1',
pushName: 'Lucas Vendedor Molinos',,body: '57293',
pushName: 'Lucas Vendedor Molinos',,body: '1',
pushName: 'Lucas Vendedor Molinos',,body: '57294',
pushName: 'Lucas Vendedor Molinos',,body: '1',
pushName: 'Lucas Vendedor Molinos',,body: '57295',
pushName: 'Lucas Vendedor Molinos',,body: '1',
pushName: 'Gerrard Rocanegra',,body: '1',
pushName: 'Gerrard Rocanegra',,body: '1',
pushName: 'Lucas Vendedor Molinos',,body: '57296',
pushName: 'Gerrard Rocanegra',,body: '58505',
pushName: 'Vendedor 11',,body: '1',
pushName: 'Vendedor 11',,body: '60017',
pushName: 'Vendedor 11',,body: '1',
pushName: 'Vendedor 11',,body: '58662',
pushName: 'Vendedor 11',,body: '1',
pushName: 'Vendedor 11',,body: '58486',
pushName: 'Vendedor 11',,body: '1',
pushName: 'Vendedor 11',,body: '58968',
pushName: 'Vendedor 11',,body: '1',
pushName: 'Vendedor 11',,body: '59304',
pushName: 'Bruno Molinos',,body: '1',
pushName: 'Bruno Molinos',,body: '55423',
pushName: 'Bruno Molinos',,body: '1',
pushName: 'Bruno Molinos',,body: '55416',
pushName: 'Bruno Molinos',,body: '1',
pushName: 'Bruno Molinos',,body: '55445',
pushName: 'Bruno Molinos',,body: '55416',
pushName: 'Bruno Molinos',,body: '1',
pushName: 'Bruno Molinos',,body: '55466',
pushName: 'Bruno Molinos',,body: '1',
pushName: 'Bruno Molinos',,body: '55487',
pushName: 'Bruno Molinos',,body: '1',
pushName: 'Bruno Molinos',,body: '55502',
pushName: 'Bruno Molinos',,body: '1',
pushName: 'Bruno Molinos',,body: '55523',
pushName: 'Bruno Molinos',,body: '1',
pushName: 'Bruno Molinos',,body: '55528',
pushName: 'Bruno Molinos',,body: '1',
pushName: 'Bruno Molinos',,body: '55701',
pushName: 'Bruno Molinos',,body: '1',
pushName: 'Bruno Molinos',,body: '55828',
pushName: 'Bruno Molinos',,body: '1',
pushName: 'Bruno Molinos',,body: '56029',
pushName: 'Bruno Molinos',,body: '1',
pushName: 'Bruno Molinos',,body: '1',
pushName: 'Bruno Molinos',,body: '56036',
pushName: 'Bruno Molinos',,body: '1',
pushName: 'Bruno Molinos',,body: '56056',
pushName: 'Bruno Molinos',,body: '1',
pushName: 'Bruno Molinos',,body: '56057',
pushName: 'Bruno Molinos',,body: '1',
pushName: 'Bruno Molinos',,body: '56059',
pushName: 'Bruno Molinos',,body: '1',
pushName: 'Bruno Molinos',,body: '56060',
pushName: 'Bruno Molinos',,body: '1',
pushName: 'Bruno Molinos',,body: '56062',
pushName: 'Bruno Molinos',,body: '1',
pushName: 'Bruno Molinos',,body: '56065',
pushName: 'Bruno Molinos',,body: '1',
pushName: 'Bruno Molinos',,body: '56066',
pushName: 'Bruno Molinos',,body: '1',
pushName: 'Bruno Molinos',,body: '56067',
pushName: 'Bruno Molinos',,body: '1',
pushName: 'Bruno Molinos',,body: '56082',
pushName: 'Bruno Molinos',,body: '1',
pushName: 'Bruno Molinos',,body: '1',
pushName: 'Bruno Molinos',,body: '56080',
pushName: 'Bruno Molinos',,body: '1',
pushName: 'Bruno Molinos',,body: '56780',
pushName: 'Bruno Molinos',,body: '1',
pushName: 'Bruno Molinos',,body: '56788',
pushName: 'Bruno Molinos',,body: '1',
pushName: 'Bruno Molinos',,body: '57393',
pushName: 'Bruno Molinos',,body: '1',
pushName: 'Bruno Molinos',,body: '56457',
pushName: 'Bruno Molinos',,body: '1',
pushName: 'Bruno Molinos',,body: '56839',
pushName: 'Bruno Molinos',,body: '1',
pushName: 'Bruno Molinos',,body: '1',
pushName: 'Bruno Molinos',,body: '56242',
pushName: 'Bruno Molinos',,body: '1',
pushName: 'Bruno Molinos',,body: '56929',
pushName: 'Bruno Molinos',,body: '1',
pushName: 'Bruno Molinos',,body: '56063',
pushName: 'Bruno Molinos',,body: '1',
pushName: 'Bruno Molinos',,body: '1',
pushName: 'Bruno Molinos',,body: '56278',